v1,25,36,83,100,144,171,217,242,273,304,329,354,405,446,451,495,542,563,590,623,655,693,709,750,784,801,844,887,904,936,982,1014,1054,1064,1120,1144,1183,1194,1248,1250,1281,1318,1360,1378,1429,1471,1485,1515,1561,1592,1618,1647,1666,1706,1760,1779,1807,1835,1860,1917,1951,1957,1986,2018
v2,8,33,91,116,129,161,197,243,285,309,350,377,406,441,453,490,522,564,585,628,647,676,729,762,777,826,853,867,912,957,962,1015,1040,1081,1093,1152,1156,1205,1228,1259,1282,1329,1362,1393,1411,1446,1485,1534,1542,1584,1626,1637,1665,1698,1730,1791,1802,1855,1887,1892,1924,1957,2005,2033
v3,15,51,89,102,155,163,202,237,270,303,350,366,400,434,454,500,534,558,603,638,651,702,708,742,787,802,846,882,911,939,975,995,1027,1083,1095,1131,1178,1213,1224,1251,1281,1315,1367,1396,1412,1444,1490,1510,1543,1585,1613,1641,1679,1726,1746,1788,1809,1851,1871,1916,1928,1960,2013,2026
v4,12,59,85,104,157,171,213,254,266,303,338,359,400,421,451,488,515,575,580,616,642,677,711,764,788,814,861,866,905,935,972,993,1028,1077,1107,1143,1154,1192,1228,1280,1289,1319,1373,1378,1419,1458,1500,1521,1547,1578,1619,1637,1675,1711,1735,1764,1815,1831,1888,1910,1948,1978,1998,2018
v5,30,51,82,112,158,191,218,242,272,295,341,376,413,419,455,512,536,549,592,610,671,701,726,744,783,832,840,882,913,955,988,1021,1054,1084,1111,1122,1168,1198,1237,1275,1299,1344,1376,1390,1411,1469,1479,1524,1566,1590,1604,1649,1687,1727,1757,1780,1809,1825,1885,1912,1935,1960,2012,2042
v6,5,41,73,120,138,167,196,251,279,310,352,376,394,430,462,505,527,574,600,629,663,701,727,744,798,824,837,881,922,936,976,1018,1038,1084,1119,1137,1164,1188,1226,1250,1284,1344,1346,1381,1412,1454,1477,1525,1544,1592,1603,1651,1679,1718,1740,1762,1797,1852,1868,1890,1942,1984,2012,2020
v7,27,53,96,102,136,180,202,242,286,320,334,381,412,426,449,482,543,573,592,619,649,702,713,748,787,830,851,890,914,931,986,993,1051,1088,1094,1122,1166,1199,1233,1273,1303,1321,1373,1404,1430,1443,1492,1525,1553,1582,1628,1655,1686,1697,1753,1767,1794,1832,1864,1900,1945,1979,2012,2047
v8,31,55,68,110,129,163,202,243,270,303,322,378,399,437,459,512,529,569,602,623,642,673,730,749,791,831,843,885,915,939,987,1023,1035,1059,1118,1128,1161,1212,1217,1271,1311,1334,1368,1382,1413,1456,1491,1533,1540,1590,1631,1653,1667,1728,1753,1787,1811,1855,1878,1895,1939,1980,1998,2035
v10,8,57,70,128,154,168,212,225,272,319,326,360,385,435,480,484,520,554,581,624,661,689,724,750,769,825,835,870,904,958,976,1007,1036,1076,1095,1142,1154,1202,1226,1252,1301,1314,1372,1400,1411,1446,1483,1513,1554,1575,1619,1641,1695,1710,1740,1765,1824,1826,1878,1905,1923,1953,2007,2045
v11,1,45,84,121,135,167,214,256,286,295,330,377,412,432,480,491,530,565,580,609,652,681,729,751,789,806,857,894,912,930,980,997,1049,1064,1107,1152,1184,1203,1244,1258,1300,1315,1371,1404,1418,1448,1502,1526,1552,1580,1627,1656,1667,1705,1750,1766,1805,1828,1869,1892,1950,1973,1993,2038
v12,23,48,87,103,142,180,212,234,265,316,340,380,414,439,454,509,540,570,585,621,651,699,717,743,783,806,836,870,925,952,971,995,1028,1060,1120,1129,1162,1206,1221,1266,1310,1335,1360,1405,1420,1449,1504,1508,1540,1591,1629,1644,1673,1728,1752,1791,1799,1825,1872,1899,1930,1959,1989,2048
v13,19,48,80,117,147,179,201,239,262,293,324,365,410,443,458,512,516,557,607,624,644,674,720,757,773,815,849,874,917,948,968,1021,1054,1071,1117,1150,1163,1202,1241,1262,1296,1342,1376,1387,1418,1463,1503,1521,1565,1591,1601,1641,1675,1725,1743,1772,1805,1847,1874,1920,1930,1974,2007,2042
v14,16,51,81,105,157,190,223,252,275,310,346,378,411,429,454,485,536,552,597,627,672,700,722,743,772,822,864,892,922,946,992,997,1049,1073,1120,1135,1182,1214,1244,1250,1303,1326,1346,1377,1428,1453,1473,1511,1539,1582,1614,1648,1679,1711,1741,1788,1800,1832,1887,1912,1933,1972,2002,2019
v15,27,46,96,121,137,190,195,243,277,305,343,378,407,435,472,496,533,564,603,637,659,699,712,760,793,809,834,893,906,934,979,1012,1037,1062,1095,1136,1159,1189,1223,1261,1303,1344,1348,1408,1434,1466,1500,1524,1548,1600,1628,1655,1689,1708,1735,1779,1793,1825,1874,1889,1951,1976,1985,2041
v16,20,46,65,106,159,175,193,236,264,297,337,355,390,431,476,491,534,569,599,629,672,686,734,766,773,812,835,890,906,929,971,993,1025,1073,1107,1136,1153,1188,1223,1280,1291,1314,1372,1394,1422,1468,1479,1510,1538,1583,1627,1643,1681,1700,1757,1788,1798,1835,1875,1917,1938,1959,2011,2017
v17,31,38,79,103,132,191,201,244,257,291,351,375,415,434,456,502,540,545,586,630,655,675,732,751,794,809,848,892,918,939,972,1011,1040,1081,1110,1122,1181,1193,1219,1257,1298,1327,1356,1398,1433,1463,1485,1524,1547,1583,1620,1663,1673,1698,1737,1774,1808,1836,1868,1916,1946,1968,1986,2022
v18,25,53,72,120,146,177,199,239,277,304,349,357,392,423,475,508,523,551,579,627,665,702,711,758,786,826,860,880,905,939,962,1002,1036,1059,1102,1127,1176,1202,1228,1261,1295,1319,1368,1377,1431,1469,1493,1534,1538,1571,1618,1634,1681,1713,1729,1777,1796,1837,1863,1908,1938,1975,2002,2037
v20,32,44,95,122,152,180,214,256,274,301,338,354,399,440,463,501,523,554,579,611,647,690,705,754,791,816,837,896,927,937,961,1023,1051,1068,1092,1146,1164,1200,1241,1255,1303,1323,1373,1383,1440,1458,1482,1528,1549,1587,1609,1644,1685,1719,1740,1788,1809,1838,1861,1892,1928,1978,2004,2040
v21,32,55,85,117,140,163,211,246,270,303,324,373,399,417,468,497,520,561,583,614,668,684,723,748,800,805,855,880,897,932,970,1016,1031,1065,1120,1141,1184,1196,1219,1253,1292,1326,1368,1377,1431,1456,1495,1513,1544,1576,1619,1661,1689,1703,1737,1788,1819,1844,1886,1889,1931,1957,1989,2029
v22,32,41,71,120,147,183,218,235,282,309,321,363,408,420,465,512,534,575,604,618,665,676,736,737,776,812,853,890,918,959,984,1013,1034,1084,1102,1129,1173,1207,1229,1273,1311,1338,1356,1380,1438,1463,1504,1514,1555,1569,1628,1646,1689,1723,1749,1769,1795,1844,1866,1905,1952,1963,2016,2018
v23,5,48,75,127,133,175,195,252,278,300,331,376,396,436,466,492,528,545,594,611,648,682,729,745,770,806,837,878,917,959,986,1023,1048,1065,1089,1149,1182,1216,1248,1259,1305,1322,1354,1400,1418,1453,1477,1536,1540,1599,1624,1661,1670,1718,1754,1779,1793,1844,1873,1904,1924,1957,1993,2034
v24,25,45,82,121,154,182,215,245,261,293,349,359,415,433,457,483,524,569,591,628,654,698,727,739,774,808,842,887,907,958,965,1002,1038,1074,1117,1151,1172,1187,1224,1269,1289,1333,1346,1396,1411,1465,1500,1514,1553,1579,1603,1638,1685,1715,1736,1762,1804,1828,1871,1906,1930,1976,2011,2022
v25,3,64,67,123,146,176,200,234,263,292,340,382,399,438,480,497,531,568,592,613,645,678,711,743,778,827,854,884,925,948,976,1014,1035,1060,1101,1143,1164,1211,1228,1262,1306,1319,1371,1377,1428,1458,1489,1523,1559,1585,1613,1663,1684,1726,1749,1773,1819,1854,1857,1893,1923,1978,1993,2038
v26,21,59,68,102,155,169,200,236,279,297,333,382,388,425,472,493,522,550,590,630,661,697,723,747,773,811,854,871,909,929,961,993,1034,1057,1106,1148,1153,1213,1227,1266,1283,1335,1366,1407,1417,1462,1503,1525,1568,1598,1613,1649,1679,1725,1753,1789,1794,1827,1863,1894,1936,1980,1991,2040
v27,8,43,65,117,136,191,208,226,285,290,328,368,386,441,460,492,534,553,579,616,663,698,730,757,796,806,858,871,915,939,967,1015,1034,1065,1115,1127,1176,1185,1246,1266,1311,1315,1369,1399,1425,1447,1488,1532,1541,1590,1623,1655,1678,1708,1743,1766,1802,1833,1861,1889,1949,1981,2001,2030
v28,20,44,76,124,133,169,204,250,267,295,344,382,406,435,477,483,537,554,583,635,653,697,712,752,775,813,864,867,906,946,981,1023,1033,1075,1091,1152,1162,1210,1227,1250,1310,1315,1349,1377,1409,1445,1476,1520,1552,1579,1628,1653,1675,1702,1750,1788,1815,1837,1861,1909,1930,1984,2002,2041
v30,14,59,73,120,149,177,208,234,266,311,339,372,407,447,474,484,514,576,584,635,650,682,727,760,792,816,844,877,914,955,966,1007,1035,1067,1105,1121,1182,1195,1240,1256,1286,1318,1376,1395,1417,1442,1487,1518,1541,1577,1626,1640,1665,1703,1748,1784,1802,1852,1884,1889,1941,1979,1994,2033
v31,24,61,76,97,139,175,196,229,277,313,326,376,410,433,460,488,516,556,601,625,653,704,711,765,797,803,853,895,916,931,983,1004,1041,1087,1089,1124,1178,1186,1224,1272,1297,1321,1370,1388,1434,1446,1493,1528,1539,1582,1616,1660,1680,1710,1749,1788,1799,1854,1881,1919,1935,1983,1987,2021
v32,30,39,69,124,142,190,203,254,263,297,325,365,414,426,462,507,524,553,602,613,653,688,713,764,778,824,850,880,915,940,968,1003,1033,1060,1113,1139,1154,1201,1232,1268,1305,1336,1370,1377,1427,1451,1489,1522,1556,1597,1623,1636,1674,1719,1739,1773,1796,1851,1876,1902,1941,1966,1988,2021
v33,8,38,69,114,157,170,211,255,258,298,347,360,406,425,469,489,535,554,593,622,654,687,723,737,782,816,852,891,913,957,966,1002,1042,1058,1119,1144,1179,1190,1224,1256,1306,1319,1370,1386,1413,1454,1496,1532,1538,1599,1618,1664,1666,1721,1738,1782,1822,1838,1857,1891,1944,1980,2010,2032
v34,14,61,68,107,142,177,213,227,266,290,333,381,415,425,480,509,540,562,593,610,645,680,733,755,775,824,859,884,897,930,992,1005,1052,1082,1098,1142,1154,1216,1245,1266,1283,1319,1345,1381,1412,1462,1479,1529,1540,1572,1610,1645,1671,1716,1748,1773,1811,1844,1868,1908,1925,1982,1996,2019
v35,4,58,68,128,138,176,210,246,264,303,351,368,401,419,457,483,528,546,579,618,643,702,735,753,774,810,847,881,903,931,992,1024,1048,1083,1096,1144,1159,1189,1241,1262,1293,1324,1354,1378,1432,1461,1493,1535,1561,1595,1602,1645,1682,1725,1733,1776,1799,1825,1871,1915,1924,1968,2002,2039
v36,26,41,96,119,145,176,218,230,280,320,349,379,394,439,464,490,513,570,594,609,656,697,722,755,798,831,853,872,925,930,982,1017,1049,1083,1119,1128,1162,1199,1244,1258,1300,1337,1352,1385,1434,1470,1489,1519,1548,1589,1615,1637,1685,1710,1729,1784,1803,1825,1885,1890,1935,1972,2006,2025
v37,25,39,65,109,156,192,217,231,281,308,349,361,396,418,454,499,524,548,605,638,660,674,723,752,773,803,841,882,923,953,991,995,1027,1061,1109,1147,1171,1186,1234,1256,1297,1341,1367,1407,1438,1460,1496,1513,1552,1580,1614,1633,1667,1722,1741,1776,1807,1853,1877,1911,1923,1976,2015,2040
v38,5,57,94,107,149,173,200,233,287,313,335,356,403,419,451,504,514,546,595,628,653,690,722,756,795,814,834,896,913,950,988,1018,1051,1071,1094,1147,1180,1186,1229,1259,1311,1331,1371,1400,1427,1467,1475,1525,1545,1582,1624,1641,1680,1699,1760,1769,1808,1833,1880,1901,1924,1966,2013,2017
v40,18,49,81,121,148,175,194,256,276,308,331,359,391,434,477,495,524,570,597,634,663,685,708,751,776,820,845,890,908,943,974,1002,1026,1067,1097,1148,1159,1214,1235,1265,1300,1344,1368,1387,1411,1465,1475,1517,1538,1588,1604,1657,1666,1721,1739,1788,1795,1837,1886,1901,1951,1955,2013,2018
v41,7,43,74,127,144,191,224,240,282,293,336,355,386,443,477,502,520,563,592,631,656,683,720,762,783,814,857,869,912,933,966,995,1050,1085,1106,1150,1182,1187,1233,1257,1306,1323,1352,1380,1440,1449,1500,1532,1546,1589,1610,1644,1690,1723,1742,1781,1813,1845,1861,1905,1934,1982,1996,2024
v42,23,56,83,125,141,174,210,230,257,308,345,362,406,418,468,506,542,548,595,622,647,687,712,762,793,811,851,874,902,937,962,1016,1045,1063,1100,1139,1173,1208,1243,1251,1288,1325,1368,1407,1412,1466,1491,1524,1565,1570,1601,1641,1688,1709,1734,1768,1816,1827,1868,1910,1925,1961,2011,2030
v43,23,44,72,100,153,167,202,249,261,309,343,353,411,425,451,488,517,576,600,619,656,681,734,740,778,822,856,876,912,959,963,1001,1025,1061,1096,1131,1179,1209,1229,1271,1311,1321,1376,1383,1433,1464,1475,1513,1561,1578,1601,1634,1696,1721,1736,1771,1803,1856,1882,1890,1948,1968,1987,2020
v44,13,53,96,97,157,189,204,254,266,293,327,372,408,420,454,508,519,570,606,618,664,676,728,749,783,806,838,879,923,957,985,1015,1044,1086,1115,1137,1184,1205,1230,1264,1295,1325,1369,1389,1416,1452,1479,1519,1544,1569,1625,1634,1680,1700,1748,1761,1820,1850,1857,1898,1930,1963,2016,2034
v45,19,55,92,103,153,172,218,243,259,305,346,356,406,423,466,482,517,561,587,618,642,696,734,747,773,822,858,889,915,937,962,1008,1041,1070,1109,1141,1161,1211,1229,1276,1287,1343,1367,1387,1426,1453,1485,1525,1543,1595,1601,1635,1696,1718,1746,1780,1824,1849,1882,1890,1942,1978,1992,2030
v46,14,52,89,99,153,192,208,238,277,296,341,353,412,445,451,491,523,550,601,612,665,687,730,751,798,805,858,887,902,953,989,1023,1029,1057,1113,1132,1169,1202,1241,1251,1283,1317,1348,1386,1424,1447,1492,1536,1559,1575,1620,1640,1665,1713,1739,1771,1815,1836,1869,1901,1926,1955,1988,2030
v47,12,51,74,117,137,172,213,230,283,319,350,355,408,444,474,504,516,558,590,628,669,677,706,754,781,824,845,883,922,932,976,1015,1042,1080,1099,1136,1184,1201,1247,1268,1290,1324,1365,1399,1429,1455,1482,1526,1553,1585,1609,1654,1668,1705,1742,1771,1808,1826,1882,1914,1937,1964,2013,2028
v48,20,33,73,124,149,165,210,229,263,319,347,373,411,438,471,506,540,571,589,631,643,682,708,761,770,812,862,873,918,949,973,1006,1056,1058,1096,1146,1165,1205,1227,1279,1296,1329,1374,1398,1411,1441,1480,1512,1559,1592,1630,1646,1694,1710,1753,1769,1823,1837,1879,1919,1930,1966,2007,2042
v50,18,35,92,123,136,187,222,232,271,306,335,373,399,417,478,496,538,547,592,609,669,692,707,745,784,809,844,869,923,940,980,1000,1030,1081,1115,1133,1180,1198,1219,1258,1290,1339,1352,1397,1435,1466,1473,1506,1563,1592,1607,1635,1677,1715,1757,1780,1824,1855,1871,1891,1926,1971,2007,2039
v51,25,59,74,114,143,181,223,245,284,308,341,354,385,431,453,496,540,553,591,632,645,693,719,766,793,821,863,890,911,943,980,1003,1050,1057,1094,1125,1157,1187,1238,1251,1306,1330,1358,1394,1409,1462,1497,1519,1557,1596,1620,1657,1666,1703,1745,1787,1813,1833,1886,1915,1929,1957,1993,2026
v52,24,33,81,122,148,188,203,245,268,295,349,353,416,445,470,493,527,572,597,628,642,688,707,757,799,811,853,878,899,940,981,1003,1045,1082,1104,1151,1174,1196,1244,1275,1309,1323,1367,1399,1413,1463,1479,1528,1540,1593,1624,1656,1687,1723,1730,1784,1823,1843,1880,1896,1932,1981,1987,2024
v53,32,33,88,105,158,165,196,246,265,313,344,359,395,420,476,500,535,568,590,639,659,692,723,766,795,810,860,869,917,930,990,1017,1036,1062,1097,1137,1176,1187,1223,1268,1292,1331,1352,1394,1417,1451,1495,1522,1566,1586,1604,1656,1692,1725,1758,1786,1802,1837,1859,1903,1950,1984,1999,2046
v54,1,56,66,108,159,184,209,242,272,296,344,369,410,433,477,496,536,572,593,610,653,683,710,750,793,819,836,872,903,959,969,998,1049,1058,1108,1122,1180,1188,1227,1266,1293,1341,1374,1404,1419,1464,1499,1518,1567,1577,1623,1642,1686,1706,1733,1767,1804,1854,1875,1897,1923,1967,2001,2024
v55,28,56,85,112,129,181,194,232,267,303,344,366,387,435,474,511,538,560,577,632,670,686,726,751,773,805,835,883,928,932,964,994,1032,1072,1115,1129,1162,1186,1242,1250,1293,1329,1346,1396,1426,1455,1501,1517,1558,1571,1621,1649,1671,1724,1731,1783,1798,1828,1867,1893,1952,1984,2008,2029
v56,31,64,80,124,159,170,215,226,277,299,345,364,407,429,479,503,528,575,580,634,659,681,712,743,800,811,841,875,911,944,967,1012,1050,1063,1106,1149,1178,1211,1230,1270,1299,1318,1354,1405,1418,1457,1476,1508,1565,1593,1604,1633,1670,1724,1751,1767,1797,1832,1858,1900,1939,1957,1990,2032
v57,28,63,70,109,143,182,194,225,278,296,325,363,416,427,474,501,525,564,598,625,665,687,723,761,769,804,845,880,900,933,992,1020,1054,1086,1119,1122,1178,1208,1229,1277,1287,1330,1366,1385,1440,1472,1490,1525,1551,1588,1618,1644,1694,1721,1757,1784,1798,1841,1866,1900,1952,1964,2010,2048
v58,16,55,84,99,141,175,206,240,257,311,322,354,402,425,468,482,519,569,585,632,658,690,706,739,772,818,856,869,912,949,983,1014,1056,1086,1091,1121,1165,1187,1228,1277,1308,1329,1370,1395,1434,1467,1495,1531,1568,1595,1617,1655,1695,1708,1730,1778,1799,1841,1858,1899,1927,1974,1991,2017
v60,19,40,66,106,158,185,207,242,259,309,348,372,387,420,472,485,539,565,595,613,643,688,736,755,770,803,854,892,909,945,992,993,1045,1072,1109,1128,1163,1190,1244,1257,1290,1315,1352,1391,1432,1444,1489,1507,1560,1577,1612,1661,1676,1716,1759,1781,1816,1836,1861,1892,1930,1981,2003,2031
v61,1,34,96,113,143,162,199,232,286,320,343,365,389,448,462,506,519,571,601,625,666,690,725,766,775,831,846,881,898,931,972,1017,1036,1077,1111,1125,1167,1187,1234,1268,1291,1321,1373,1383,1431,1463,1485,1531,1541,1575,1631,1637,1687,1706,1758,1784,1793,1852,1882,1909,1927,1967,2001,2025
v62,18,60,84,116,153,163,211,228,287,318,335,374,390,446,460,506,536,546,597,621,671,702,720,766,781,823,837,891,925,953,965,1015,1037,1067,1112,1149,1166,1207,1241,1271,1292,1320,1348,1393,1420,1449,1496,1525,1555,1580,1601,1652,1676,1709,1736,1789,1816,1843,1883,1911,1952,1975,1997,2043
v63,20,38,89,115,134,190,200,255,258,319,348,380,386,443,478,504,527,564,591,610,649,675,731,755,778,803,843,869,905,936,980,1010,1056,1072,1105,1138,1176,1198,1233,1273,1291,1313,1367,1408,1416,1457,1491,1509,1560,1586,1629,1650,1685,1707,1757,1783,1811,1845,1873,1912,1949,1974,2010,2024
v64,4,53,84,98,149,175,223,245,271,305,322,373,411,443,472,502,529,575,582,630,647,697,713,755,772,825,839,889,920,945,980,998,1036,1068,1106,1138,1163,1205,1241,1261,1305,1315,1362,1403,1412,1458,1503,1519,1548,1599,1632,1657,1673,1711,1749,1780,1808,1844,1872,1901,1946,1979,1992,2026
v65,17,61,74,112,147,180,200,243,269,298,345,366,411,424,477,499,539,556,596,625,641,700,729,759,769,832,860,888,903,957,976,1015,1029,1063,1117,1130,1164,1216,1220,1278,1310,1318,1365,1381,1424,1451,1490,1518,1540,1569,1618,1650,1668,1703,1737,1771,1805,1828,1872,1915,1946,1975,1998,2023
v66,24,52,91,117,132,161,207,239,258,312,336,370,403,432,462,489,528,569,589,621,642,676,733,760,792,802,846,874,900,938,968,1017,1025,1065,1096,1128,1184,1208,1219,1280,1287,1343,1374,1399,1419,1445,1502,1527,1551,1580,1602,1662,1692,1717,1734,1772,1805,1837,1882,1898,1927,1981,2004,2034
v67,27,45,93,116,155,190,224,244,263,300,340,357,405,429,455,502,520,548,593,631,651,694,717,745,796,821,862,883,922,959,971,995,1032,1075,1107,1127,1157,1197,1235,1257,1287,1320,1371,1404,1430,1463,1475,1525,1547,1587,1628,1656,1684,1726,1732,1782,1814,1836,1872,1896,1921,1965,2003,2027
v68,28,33,76,126,136,179,222,247,275,305,338,363,402,424,455,496,532,546,588,613,646,685,725,739,798,809,837,871,914,953,989,1017,1032,1068,1116,1136,1163,1208,1245,1260,1305,1328,1370,1385,1431,1456,1484,1534,1557,1584,1623,1664,1696,1724,1746,1770,1802,1840,1866,1917,1924,1960,1996,2029
v70,7,33,76,98,158,166,220,233,271,301,328,362,400,433,479,500,522,576,585,621,649,695,729,763,796,808,862,873,906,957,965,1011,1044,1062,1095,1124,1165,1192,1220,1258,1283,1329,1374,1385,1438,1446,1482,1514,1538,1599,1609,1661,1691,1697,1747,1773,1819,1831,1873,1914,1938,1953,2001,2043
v71,15,47,87,108,150,165,219,255,271,292,331,378,405,435,450,483,515,567,606,630,670,686,713,738,776,810,848,881,904,954,963,1005,1039,1080,1096,1138,1154,1209,1243,1249,1293,1342,1363,1395,1438,1448,1473,1527,1547,1584,1601,1661,1670,1708,1733,1790,1817,1831,1880,1903,1944,1956,1992,2046
v72,26,43,96,120,136,168,207,246,257,307,335,364,406,417,467,495,539,570,596,634,647,702,725,747,776,808,863,893,911,939,988,1010,1041,1063,1113,1131,1168,1208,1238,1258,1287,1340,1347,1398,1422,1466,1492,1527,1541,1596,1621,1661,1688,1702,1752,1787,1811,1827,1888,1919,1925,1980,1997,2045
v73,8,37,83,112,152,163,196,234,282,298,323,379,410,424,479,505,535,554,594,623,668,701,706,741,783,801,852,893,925,936,976,1020,1054,1063,1111,1124,1163,1197,1242,1277,1304,1313,1373,1404,1420,1445,1484,1515,1564,1600,1608,1647,1686,1723,1736,1777,1821,1831,1857,1906,1926,1980,2005,2021
v74,2,55,81,99,150,168,211,250,288,317,327,357,393,434,449,507,541,557,585,630,664,701,716,744,794,811,845,870,901,948,972,993,1047,1069,1112,1144,1163,1214,1239,1271,1282,1336,1360,1396,1421,1469,1494,1530,1560,1573,1608,1646,1689,1720,1760,1777,1817,1854,1875,1906,1951,1975,2012,2038
v75,16,53,90,119,147,189,216,230,278,314,327,369,385,429,472,490,519,559,587,621,658,704,729,754,789,827,856,881,904,953,974,1017,1025,1082,1102,1125,1163,1210,1248,1253,1311,1329,1373,1394,1438,1451,1502,1534,1567,1577,1618,1647,1695,1699,1751,1788,1796,1837,1879,1904,1921,1978,1994,2036
v76,31,44,78,114,146,171,221,225,258,307,336,354,410,438,472,509,529,557,589,622,642,676,712,739,777,808,844,888,920,955,984,998,1036,1078,1099,1140,1167,1187,1241,1276,1286,1329,1353,1402,1426,1454,1475,1510,1554,1590,1610,1643,1668,1711,1756,1773,1813,1836,1876,1914,1945,1973,1989,2023
v77,12,62,95,127,145,186,201,239,270,294,331,384,391,448,479,496,541,565,601,620,661,680,707,765,771,816,853,888,922,938,963,1001,1056,1075,1110,1121,1180,1204,1240,1255,1294,1326,1365,1382,1437,1445,1479,1519,1551,1595,1631,1645,1692,1714,1736,1776,1799,1851,1887,1918,1924,1968,1999,2023
v78,18,39,78,115,140,180,194,233,288,302,338,363,404,434,464,493,537,545,596,613,664,696,732,751,796,820,836,893,914,935,982,1021,1026,1072,1102,1122,1174,1200,1235,1253,1301,1342,1364,1407,1435,1458,1504,1534,1543,1579,1616,1635,1682,1720,1737,1776,1816,1836,1885,1892,1947,1979,2001,2046
v80,5,37,93,117,131,177,195,233,266,292,336,378,408,445,454,498,524,574,592,617,656,686,712,757,778,805,846,884,906,941,981,999,1033,1077,1089,1144,1170,1190,1233,1253,1285,1327,1345,1402,1423,1462,1504,1529,1537,1584,1631,1659,1670,1707,1757,1776,1793,1855,1888,1892,1926,1968,2001,2038
v81,1,50,65,110,133,187,224,226,258,310,347,377,413,428,449,504,528,551,587,615,657,693,721,758,777,826,838,882,909,932,982,1017,1051,1059,1090,1140,1157,1215,1245,1280,1308,1338,1352,1388,1425,1445,1485,1506,1559,1571,1620,1652,1670,1705,1751,1772,1818,1836,1864,1917,1941,1974,1985,2040
v82,21,41,76,111,141,190,215,238,276,313,335,370,393,439,479,502,532,548,592,623,655,682,732,746,776,827,839,873,918,956,986,993,1038,1079,1106,1139,1178,1195,1218,1257,1303,1313,1365,1392,1431,1458,1489,1523,1543,1588,1613,1650,1693,1708,1758,1764,1812,1856,1886,1893,1930,1953,1992,2026
v83,27,61,85,104,144,192,210,244,281,302,329,364,407,433,466,484,524,546,590,626,663,697,718,745,800,803,841,883,903,930,977,1018,1031,1073,1092,1141,1165,1206,1245,1271,1302,1324,1359,1391,1439,1452,1490,1531,1538,1573,1618,1660,1694,1718,1736,1772,1796,1832,1873,1919,1947,1956,2013,2037
v84,9,46,95,124,133,169,217,250,275,310,342,364,404,436,463,512,522,567,586,625,667,688,729,743,783,826,863,865,902,931,970,1015,1046,1074,1101,1135,1169,1216,1217,1276,1311,1339,1374,1402,1439,1467,1502,1523,1550,1599,1602,1649,1693,1727,1746,1770,1802,1847,1878,1919,1945,1955,1989,2017
v85,11,42,89,107,133,182,214,244,282,315,345,373,416,425,471,496,520,557,588,638,660,686,711,747,796,817,834,886,927,960,966,1019,1030,1070,1113,1151,1182,1186,1232,1254,1291,1336,1350,1404,1421,1446,1486,1531,1552,1592,1604,1661,1679,1708,1749,1780,1794,1849,1886,1909,1925,1984,2004,2043
v86,19,48,76,119,147,167,199,226,261,291,321,360,388,425,462,485,524,576,578,614,642,682,716,753,781,806,849,890,901,944,961,998,1049,1059,1114,1148,1160,1216,1222,1265,1307,1333,1355,1390,1420,1465,1497,1511,1539,1590,1607,1638,1676,1722,1759,1785,1823,1831,1877,1913,1947,1966,2009,2023
v87,3,57,78,128,147,186,200,240,278,295,342,361,386,433,475,495,523,554,600,630,672,694,727,737,799,831,842,879,904,929,978,1017,1027,1073,1095,1151,1165,1198,1228,1278,1288,1325,1366,1406,1440,1454,1503,1518,1563,1580,1607,1662,1687,1700,1756,1768,1813,1838,1882,1904,1924,1957,1999,2019
v88,16,52,80,116,132,192,214,236,260,306,342,373,413,436,463,483,528,567,587,620,651,703,721,741,785,806,835,889,898,950,980,997,1045,1079,1101,1130,1158,1216,1224,1264,1304,1343,1368,1377,1434,1457,1498,1520,1561,1595,1628,1633,1665,1703,1747,1791,1813,1834,1884,1895,1931,1961,1988,2034
v90,4,40,65,110,152,176,218,229,275,315,340,355,390,433,450,487,524,560,598,640,648,693,720,757,799,806,842,895,920,943,971,1014,1039,1065,1110,1121,1181,1187,1236,1268,1305,1334,1356,1379,1439,1469,1498,1505,1541,1578,1606,1662,1676,1723,1756,1772,1817,1833,1880,1907,1941,1953,2014,2018
v91,7,40,94,116,160,165,219,246,272,292,351,364,414,431,452,493,529,549,599,625,655,704,721,768,786,831,860,869,910,931,982,1018,1028,1088,1095,1135,1179,1201,1220,1270,1287,1319,1374,1380,1426,1443,1502,1509,1539,1580,1620,1650,1669,1725,1755,1761,1807,1855,1865,1913,1947,1972,2008,2040
v92,23,38,75,128,134,173,197,241,265,289,337,382,389,436,460,483,526,564,577,630,669,674,717,758,795,810,848,893,914,942,992,1019,1053,1076,1100,1139,1160,1195,1232,1262,1310,1314,1352,1386,1419,1444,1496,1507,1566,1583,1625,1651,1675,1719,1734,1783,1810,1839,1880,1913,1922,1983,2012,2034
v93,17,41,82,102,151,178,204,248,269,290,326,369,416,433,464,491,533,568,595,614,644,674,720,743,771,826,848,893,920,929,970,1021,1045,1063,1092,1152,1156,1202,1222,1279,1291,1336,1374,1399,1417,1468,1492,1534,1565,1581,1628,1656,1691,1703,1752,1769,1795,1839,1884,1902,1934,1972,1996,2047
v94,12,37,69,123,149,181,222,253,263,311,330,380,401,447,464,481,537,553,606,623,646,682,726,757,784,816,843,883,911,934,989,996,1050,1059,1106,1134,1175,1211,1217,1253,1312,1324,1351,1388,1427,1441,1494,1506,1541,1595,1609,1638,1680,1701,1742,1765,1799,1835,1874,1895,1935,1971,2013,2024
v95,5,61,78,109,144,188,202,250,287,318,351,380,391,435,451,483,518,556,580,616,656,679,730,764,779,826,863,871,899,939,983,1019,1041,1072,1098,1141,1180,1186,1228,1259,1288,1328,1357,1403,1417,1456,1481,1534,1565,1576,1628,1637,1680,1718,1731,1777,1800,1840,1887,1896,1930,1968,1991,2039
v96,24,46,77,100,160,186,212,241,287,305,338,363,390,444,468,481,521,558,593,623,671,689,725,767,790,808,846,882,899,950,986,1022,1028,1088,1118,1148,1180,1207,1244,1274,1306,1322,1373,1403,1412,1472,1485,1530,1551,1581,1631,1654,1689,1716,1733,1770,1801,1834,1868,1901,1938,1959,2000,2045
v97,16,42,79,118,159,189,219,234,279,312,336,371,398,439,473,503,532,574,588,632,656,687,706,747,784,819,851,889,910,949,974,995,1030,1063,1110,1124,1167,1194,1231,1266,1298,1335,1372,1384,1424,1451,1493,1532,1561,1586,1608,1637,1691,1728,1732,1780,1811,1853,1864,1898,1925,1979,1994,2032
v98,1,38,95,122,154,175,208,241,261,319,339,377,395,444,468,511,521,560,600,609,641,696,732,748,777,801,860,896,900,940,976,1001,1034,1063,1089,1122,1154,1207,1237,1278,1288,1325,1376,1396,1423,1454,1491,1536,1541,1598,1613,1661,1673,1716,1734,1778,1820,1844,1858,1904,1943,1962,1993,2028
v100,15,47,69,118,137,184,224,228,288,294,340,365,388,421,474,499,527,560,602,632,671,682,726,760,783,821,853,895,915,958,991,1024,1053,1074,1097,1125,1179,1209,1246,1277,1291,1325,1365,1400,1439,1444,1489,1520,1568,1595,1604,1645,1666,1727,1756,1765,1824,1850,1870,1918,1939,1978,2008,2038
v101,9,55,86,118,145,178,222,237,281,292,342,380,398,435,475,499,534,549,606,628,669,688,717,755,797,832,847,890,897,953,989,1014,1035,1076,1102,1152,1180,1186,1239,1262,1288,1313,1371,1388,1426,1463,1495,1528,1547,1591,1619,1650,1692,1726,1748,1772,1798,1848,1862,1906,1932,1962,1991,2021
v102,8,48,71,114,133,185,198,237,261,290,333,368,386,425,449,481,543,563,590,635,659,689,719,738,788,824,853,884,910,934,968,998,1042,1067,1091,1124,1163,1213,1217,1269,1304,1327,1364,1382,1428,1465,1489,1512,1550,1574,1601,1641,1668,1728,1740,1769,1818,1849,1858,1906,1935,1961,2012,2033
v103,13,51,71,105,148,168,196,249,270,307,340,370,409,425,457,492,528,568,598,623,668,699,728,737,772,827,835,878,911,935,985,1020,1044,1073,1103,1145,1172,1215,1221,1266,1285,1331,1373,1397,1416,1464,1482,1521,1568,1576,1624,1662,1672,1715,1742,1769,1801,1838,1873,1919,1944,1961,2005,2021
v104,19,49,65,108,154,189,207,248,259,293,327,357,414,419,469,490,525,565,581,627,671,679,736,755,791,829,849,879,921,941,990,1012,1051,1080,1097,1130,1157,1188,1237,1280,1284,1340,1369,1384,1420,1441,1477,1519,1537,1589,1614,1641,1666,1714,1741,1785,1812,1836,1882,1906,1925,1981,2014,2031
v105,20,62,91,123,147,161,202,255,280,296,328,354,414,432,479,489,529,547,608,620,670,675,733,761,772,810,850,887,902,959,968,1012,1036,1082,1097,1149,1161,1194,1245,1258,1284,1343,1370,1401,1436,1451,1494,1523,1559,1575,1601,1657,1671,1713,1739,1789,1796,1855,1864,1894,1943,1982,1990,2023
v106,24,45,70,100,159,185,214,225,286,303,347,353,390,447,470,511,537,560,602,622,642,674,735,739,772,805,844,878,903,930,976,1005,1046,1064,1108,1125,1165,1215,1240,1269,1304,1326,1359,1404,1419,1469,1475,1516,1549,1592,1610,1651,1693,1701,1759,1764,1813,1828,1863,1918,1933,1977,1990,2031
v107,28,64,86,122,151,166,201,240,274,301,329,362,405,433,469,510,518,547,594,626,660,697,731,752,769,816,839,886,922,949,965,1019,1042,1064,1101,1151,1161,1196,1228,1267,1302,1332,1353,1399,1430,1460,1499,1522,1546,1578,1614,1649,1681,1711,1730,1778,1796,1830,1876,1890,1947,1980,2001,2028
v108,22,38,71,100,132,188,222,233,266,318,338,367,416,446,467,484,523,550,598,618,661,682,712,752,795,819,837,878,899,939,982,1020,1026,1083,1104,1131,1181,1187,1218,1276,1284,1322,1371,1403,1420,1446,1494,1508,1540,1590,1604,1639,1666,1725,1734,1776,1815,1851,1879,1899,1937,1974,1992,2024
v109,24,60,75,124,148,176,215,226,275,298,325,384,392,427,464,511,522,576,602,618,650,676,719,741,770,808,836,891,914,942,971,1004,1030,1084,1109,1144,1176,1188,1248,1272,1283,1329,1351,1388,1429,1460,1478,1516,1540,1583,1622,1643,1689,1726,1754,1761,1811,1829,1857,1910,1928,1973,1996,2037
v110,3,54,81,100,149,173,214,230,280,299,335,364,402,418,474,498,522,563,594,636,642,676,707,759,774,813,850,886,900,953,981,1019,1052,1086,1104,1136,1184,1192,1244,1275,1296,1336,1358,1402,1415,1445,1482,1514,1550,1588,1610,1652,1692,1725,1730,1787,1822,1848,1858,1889,1952,1979,2006,2020
v111,31,58,89,123,140,185,204,235,261,312,345,360,416,445,462,482,527,567,581,619,671,700,711,749,796,815,837,893,910,941,982,997,1039,1084,1107,1133,1170,1213,1240,1250,1307,1343,1360,1381,1435,1446,1502,1508,1539,1587,1628,1662,1684,1710,1745,1781,1806,1831,1870,1893,1952,1980,1988,2029
v112,18,60,83,105,152,173,215,251,280,302,346,384,411,442,469,504,541,575,598,640,661,686,730,741,783,821,834,883,926,941,977,1022,1054,1082,1097,1143,1159,1205,1245,1270,1287,1315,1349,1398,1440,1447,1477,1531,1559,1577,1606,1633,1685,1698,1753,1771,1793,1834,1857,1909,1951,1972,1986,2043
v113,28,57,80,119,155,161,206,238,259,294,346,374,406,417,453,503,537,557,598,629,644,701,717,750,774,820,860,889,905,951,976,1015,1055,1061,1119,1145,1153,1186,1243,1276,1294,1315,1373,1388,1411,1467,1486,1517,1555,1590,1603,1637,1692,1719,1742,1762,1824,1850,1864,1900,1939,1968,1993,2026
v114,30,59,92,105,134,172,206,233,262,297,337,357,413,442,469,492,514,569,596,627,667,682,711,753,783,801,842,888,908,940,991,1020,1031,1069,1117,1143,1182,1195,1237,1255,1312,1332,1363,1383,1418,1441,1494,1506,1563,1574,1606,1633,1673,1727,1760,1766,1821,1836,1873,1918,1937,1953,1988,2038
v115,23,41,87,104,154,163,203,252,285,296,340,366,389,426,470,510,537,570,580,622,663,678,724,738,800,827,844,889,925,937,975,1017,1027,1057,1112,1138,1164,1188,1219,1267,1312,1330,1348,1397,1440,1444,1484,1533,1548,1583,1618,1658,1690,1728,1733,1771,1802,1827,1877,1911,1926,1977,1985,2018
v116,23,59,70,121,158,162,194,242,258,299,338,364,412,425,463,486,533,549,585,624,641,694,707,742,800,808,833,872,908,949,983,1006,1040,1061,1106,1131,1162,1213,1233,1269,1289,1327,1372,1377,1420,1458,1483,1531,1546,1582,1627,1644,1686,1707,1750,1778,1812,1835,1862,1915,1921,1960,1992,2039
v117,10,36,69,105,149,168,207,228,275,295,349,359,392,434,478,495,528,570,590,614,671,690,714,752,785,823,847,878,908,958,990,1006,1050,1067,1091,1136,1156,1216,1237,1278,1299,1341,1375,1405,1414,1458,1501,1536,1567,1593,1612,1645,1665,1726,1737,1773,1819,1853,1864,1894,1921,1979,2006,2028
v118,10,53,75,100,150,170,210,230,257,306,348,384,403,428,460,487,516,545,589,623,645,681,716,756,771,813,849,880,918,944,977,995,1054,1071,1103,1145,1169,1197,1231,1271,1311,1323,1354,1390,1433,1453,1503,1531,1558,1573,1620,1642,1668,1707,1751,1788,1794,1846,1862,1902,1950,1963,2010,2038
v119,8,63,74,102,141,192,200,228,264,291,351,356,394,448,480,497,544,561,604,619,651,700,717,744,798,809,848,887,914,960,966,1019,1056,1058,1117,1122,1182,1196,1230,1250,1303,1321,1359,1386,1423,1472,1473,1506,1553,1573,1624,1649,1676,1699,1754,1776,1819,1850,1871,1904,1932,1976,2011,2019
v120,17,52,75,125,150,177,222,235,263,316,352,361,404,421,458,490,516,565,578,611,659,698,722,766,785,810,856,879,899,939,971,1004,1029,1078,1101,1150,1159,1197,1229,1272,1293,1319,1349,1380,1438,1470,1501,1535,1557,1594,1605,1652,1693,1727,1740,1791,1797,1836,1865,1917,1929,1971,2007,2044
v121,10,59,71,116,147,187,217,231,278,315,342,357,404,439,450,488,525,572,582,638,661,694,716,766,774,817,863,894,913,958,979,1022,1038,1075,1091,1138,1162,1192,1241,1265,1301,1314,1355,1389,1427,1457,1482,1512,1546,1576,1611,1655,1674,1713,1750,1784,1812,1851,1879,1890,1923,1975,2004,2027
v122,12,34,65,107,147,190,214,243,275,292,331,356,394,447,459,491,516,562,596,617,667,689,705,767,795,830,846,871,908,958,966,1024,1034,1065,1110,1143,1168,1204,1224,1275,1308,1325,1349,1380,1418,1464,1479,1510,1559,1580,1604,1647,1683,1697,1730,1767,1799,1841,1881,1908,1944,1958,2004,2025
v123,23,62,66,106,135,166,223,243,257,297,339,374,409,417,451,488,524,556,588,632,669,691,719,737,776,821,848,867,928,946,988,1008,1053,1069,1113,1147,1161,1199,1232,1253,1285,1344,1366,1407,1413,1460,1480,1536,1561,1597,1629,1635,1677,1722,1742,1784,1813,1838,1879,1909,1944,1974,2002,2028
v124,20,50,85,122,151,174,207,249,282,309,335,356,387,445,449,510,528,570,587,622,662,685,734,746,790,803,846,879,917,934,962,1007,1030,1088,1112,1136,1156,1207,1246,1264,1306,1326,1347,1378,1410,1456,1501,1536,1555,1569,1623,1649,1688,1718,1757,1782,1802,1848,1869,1891,1931,1955,1996,2036
v125,17,52,65,110,138,170,198,238,264,315,349,362,385,436,450,500,535,575,591,636,666,678,719,745,769,827,850,887,918,951,986,1008,1048,1058,1109,1145,1160,1188,1218,1267,1293,1334,1371,1383,1419,1450,1481,1514,1556,1594,1618,1650,1670,1706,1749,1785,1800,1832,1878,1890,1943,1956,2012,2019
v126,20,48,71,120,136,177,209,240,271,300,324,358,411,431,457,482,515,564,592,620,643,698,707,742,775,827,852,890,924,948,982,1022,1027,1084,1119,1125,1161,1201,1240,1262,1289,1336,1356,1395,1414,1469,1476,1522,1549,1582,1625,1659,1676,1707,1739,1780,1815,1851,1869,1891,1923,1970,1985,2034
v127,4,39,69,114,134,161,213,238,263,289,343,382,392,437,464,488,543,547,592,639,645,692,720,747,788,804,841,870,928,937,989,995,1051,1076,1099,1152,1159,1209,1246,1260,1302,1320,1348,1401,1415,1459,1474,1522,1544,1578,1629,1663,1668,1706,1739,1792,1802,1847,1876,1916,1946,1968,2006,2025
v128,24,44,85,110,153,176,224,225,282,320,350,365,400,424,474,512,534,556,594,627,657,694,722,762,796,831,860,895,928,955,983,997,1043,1072,1105,1140,1171,1216,1222,1253,1285,1324,1365,1400,1434,1465,1500,1527,1562,1591,1621,1644,1681,1724,1729,1788,1804,1855,1873,1916,1933,1966,1991,2030
v129,31,64,73,126,142,179,194,241,277,313,349,378,406,422,476,496,541,574,587,609,665,686,732,766,778,822,851,885,900,939,981,1013,1054,1068,1094,1135,1177,1188,1219,1250,1291,1330,1350,1379,1416,1450,1481,1528,1550,1571,1628,1634,1695,1723,1759,1785,1806,1842,1875,1892,1925,1954,1988,2045
v130,5,37,80,98,139,170,211,247,265,295,325,381,389,418,461,499,530,550,579,634,661,681,721,743,791,819,839,869,914,950,979,1018,1053,1082,1110,1148,1162,1203,1241,1279,1306,1319,1350,1407,1413,1445,1481,1536,1552,1570,1607,1653,1687,1706,1750,1782,1806,1842,1861,1891,1926,1963,2002,2041
v131,3,44,68,123,158,173,215,239,282,295,350,373,395,435,474,497,515,569,602,617,646,701,728,750,797,819,839,875,908,945,972,1013,1036,1087,1108,1130,1172,1190,1245,1264,1302,1316,1363,1384,1440,1469,1483,1535,1539,1585,1630,1648,1666,1712,1738,1769,1802,1832,1865,1909,1933,1956,2011,2020
v132,9,38,95,121,154,192,217,248,277,294,336,356,385,423,459,484,523,556,602,617,654,703,733,765,789,810,845,895,909,950,979,1002,1030,1061,1100,1121,1177,1207,1236,1265,1287,1332,1373,1402,1434,1460,1488,1526,1538,1572,1620,1635,1670,1709,1747,1786,1807,1827,1888,1902,1924,1967,2016,2040
v133,17,45,65,114,140,168,222,250,272,307,329,354,390,418,458,502,515,556,586,618,653,701,721,767,795,803,864,896,922,939,966,1012,1043,1063,1090,1128,1163,1216,1247,1279,1289,1335,1352,1380,1419,1472,1478,1515,1559,1581,1627,1643,1674,1706,1753,1770,1801,1843,1873,1889,1950,1968,1996,2024
v134,6,44,93,127,129,174,201,231,288,294,326,358,406,425,456,494,531,562,587,638,652,691,706,745,788,829,843,872,909,951,992,1014,1028,1074,1120,1121,1182,1199,1239,1278,1296,1321,1372,1383,1425,1464,1477,1528,1549,1587,1621,1660,1686,1702,1758,1778,1797,1843,1869,1906,1922,1979,2001,2020
v135,15,52,93,109,156,185,211,250,259,310,345,366,412,447,455,499,520,545,579,623,667,679,732,762,795,819,844,884,917,948,985,1001,1034,1071,1107,1124,1179,1187,1234,1280,1307,1334,1370,1401,1438,1448,1485,1517,1548,1588,1622,1664,1694,1703,1737,1774,1804,1850,1876,1893,1930,1954,2009,2020
v136,24,38,72,109,131,174,210,250,285,320,338,371,413,448,469,511,517,564,599,619,642,675,707,757,799,820,852,870,915,931,976,1009,1028,1080,1091,1122,1155,1193,1229,1272,1311,1344,1353,1403,1430,1471,1498,1523,1567,1585,1616,1646,1694,1701,1736,1779,1824,1855,1885,1890,1929,1972,2008,2037
v137,16,63,76,97,157,183,224,253,269,306,337,354,404,417,480,496,521,572,579,640,672,696,726,738,769,830,851,880,920,931,973,1009,1041,1066,1114,1151,1176,1213,1237,1278,1299,1330,1348,1408,1431,1453,1491,1506,1547,1573,1607,1634,1674,1707,1754,1764,1819,1852,1871,1893,1947,1976,2014,2043
v138,14,53,88,98,137,174,212,238,260,312,328,372,401,437,454,509,517,550,583,620,653,700,732,746,778,822,852,876,920,954,966,996,1032,1087,1117,1140,1157,1192,1243,1274,1294,1317,1371,1390,1426,1470,1473,1527,1552,1592,1630,1633,1687,1724,1737,1787,1801,1841,1886,1908,1942,1966,2002,2029
v139,32,59,94,105,145,161,198,240,260,309,352,357,404,440,466,486,517,545,585,623,647,681,710,745,800,801,863,895,913,942,992,1023,1027,1084,1116,1128,1154,1215,1225,1257,1311,1329,1373,1381,1431,1453,1489,1536,1543,1573,1621,1661,1670,1726,1748,1775,1823,1849,1880,1914,1922,1983,1995,2046
v140,11,44,73,106,160,183,199,225,275,315,335,372,415,440,450,509,527,569,606,637,655,696,732,755,794,806,848,895,916,957,972,1017,1051,1062,1106,1144,1182,1198,1221,1273,1308,1338,1375,1394,1413,1449,1502,1511,1558,1581,1614,1635,1696,1716,1752,1764,1794,1841,1861,1891,1922,1977,1996,2027
v141,7,37,74,124,156,192,217,228,287,304,348,357,413,442,469,488,535,558,596,621,646,699,721,767,799,813,860,868,904,954,984,1006,1044,1064,1118,1148,1181,1212,1247,1259,1304,1340,1363,1379,1432,1471,1489,1523,1558,1594,1622,1651,1679,1715,1749,1778,1810,1847,1860,1900,1948,1977,2004,2036
v142,5,59,88,110,136,165,207,247,283,299,338,381,415,429,452,497,544,546,606,615,654,684,730,755,789,824,840,875,916,945,976,1006,1030,1059,1120,1124,1156,1214,1232,1259,1307,1331,1369,1393,1434,1462,1477,1519,1564,1575,1617,1652,1688,1723,1755,1788,1820,1846,1885,1919,1947,1960,1986,2041
v143,23,57,70,116,154,192,199,239,267,299,326,362,400,443,457,503,535,558,578,624,670,704,718,746,774,806,864,880,911,940,967,996,1039,1066,1112,1135,1169,1188,1218,1265,1290,1315,1374,1379,1437,1448,1494,1526,1547,1590,1615,1647,1678,1716,1755,1782,1801,1837,1887,1908,1926,1980,2012,2045
v144,2,35,95,124,134,181,211,234,279,291,330,371,413,423,460,512,514,552,588,622,642,694,708,755,788,815,851,893,926,948,987,1012,1056,1071,1103,1121,1162,1215,1218,1273,1287,1331,1347,1380,1434,1454,1501,1534,1555,1599,1632,1635,1684,1699,1752,1780,1802,1845,1883,1895,1930,1979,2012,2039
v145,17,38,65,121,129,174,209,239,269,311,348,384,415,419,480,481,539,566,580,626,653,676,711,743,794,802,834,880,912,929,983,1017,1052,1070,1115,1130,1156,1193,1225,1258,1303,1341,1362,1402,1438,1452,1482,1525,1547,1569,1618,1658,1678,1727,1746,1769,1809,1836,1881,1909,1936,1965,2006,2045
v146,22,37,70,127,136,170,218,242,262,309,328,370,415,433,456,488,520,552,600,620,672,675,730,756,787,810,837,894,920,937,978,1009,1025,1072,1111,1140,1163,1189,1226,1259,1309,1340,1348,1384,1421,1470,1490,1534,1553,1593,1625,1639,1670,1697,1740,1767,1803,1844,1884,1894,1952,1972,2007,2030
v147,15,35,70,128,151,191,193,230,279,316,345,384,406,431,460,504,526,562,606,640,650,697,715,747,783,824,842,884,922,959,963,1006,1046,1063,1108,1136,1154,1200,1244,1258,1285,1324,1352,1408,1425,1466,1475,1508,1562,1599,1612,1662,1682,1724,1740,1785,1796,1833,1882,1895,1951,1962,1988,2026
v148,31,48,73,105,145,165,193,239,280,308,331,365,410,417,460,507,525,559,585,623,657,682,734,768,798,810,858,883,898,953,985,1002,1036,1059,1110,1129,1178,1198,1220,1264,1287,1321,1367,1406,1439,1466,1476,1516,1553,1579,1617,1663,1682,1716,1733,1781,1800,1826,1884,1892,1940,1969,2001,2040
v149,3,60,80,119,134,188,224,229,258,305,344,365,411,419,455,496,537,548,582,624,668,696,735,752,770,823,846,893,909,946,985,1021,1050,1078,1117,1122,1182,1189,1234,1279,1310,1317,1350,1399,1425,1452,1500,1529,1547,1594,1612,1661,1692,1716,1747,1792,1799,1854,1881,1892,1931,1978,2001,2017
v150,28,46,72,114,130,189,209,244,288,299,345,380,405,425,480,482,520,557,584,626,655,684,726,746,794,815,835,893,918,960,992,994,1050,1060,1094,1152,1167,1211,1219,1250,1281,1332,1374,1395,1410,1444,1490,1511,1546,1573,1624,1643,1679,1701,1754,1777,1798,1828,1877,1889,1940,1965,1998,2031
v151,1,43,83,126,136,186,197,252,270,299,323,377,393,429,468,512,536,556,577,630,666,674,715,760,776,804,857,884,928,938,965,995,1055,1073,1101,1128,1182,1197,1224,1280,1294,1343,1354,1397,1434,1442,1473,1526,1559,1597,1620,1646,1677,1723,1730,1788,1818,1834,1882,1917,1935,1969,1992,2026
v152,18,63,87,102,149,184,222,240,278,300,326,358,388,434,466,490,527,564,599,638,656,684,724,755,795,806,853,868,923,960,979,1002,1039,1069,1112,1123,1162,1215,1227,1255,1293,1329,1355,1381,1418,1444,1501,1519,1563,1583,1611,1639,1692,1721,1752,1785,1812,1845,1875,1911,1938,1957,2012,2024
v153,32,57,82,111,139,184,195,244,282,304,335,361,398,442,460,511,528,574,607,610,644,694,716,750,784,814,837,893,921,955,986,1004,1050,1070,1091,1142,1163,1214,1231,1250,1306,1320,1362,1390,1415,1462,1496,1518,1559,1575,1611,1649,1668,1708,1737,1778,1815,1834,1875,1891,1948,1954,2005,2041
v154,7,33,75,106,131,174,209,247,288,293,324,355,405,433,450,504,534,576,591,634,659,681,713,739,798,826,862,887,903,936,979,1014,1052,1059,1099,1141,1157,1193,1229,1272,1303,1338,1368,1387,1415,1441,1477,1512,1537,1575,1619,1650,1672,1720,1742,1784,1809,1832,1868,1894,1923,1973,2002,2018
v155,22,55,88,99,138,181,203,246,283,313,324,372,412,436,459,510,514,558,599,618,645,693,720,755,796,802,853,888,902,952,973,1005,1031,1086,1115,1127,1156,1211,1221,1279,1305,1332,1363,1385,1420,1445,1489,1531,1564,1590,1621,1638,1684,1728,1753,1776,1821,1852,1880,1893,1949,1979,1997,2045
v156,9,50,90,120,149,178,200,255,278,294,322,379,394,443,455,511,541,566,588,633,655,694,706,739,793,829,834,867,909,948,963,1024,1036,1078,1105,1144,1174,1206,1221,1262,1298,1327,1376,1384,1438,1445,1477,1531,1552,1573,1620,1654,1688,1726,1743,1777,1801,1830,1868,1905,1933,1967,1985,2039
v157,19,50,91,125,152,186,202,230,261,310,338,365,391,428,479,482,523,557,608,630,670,699,724,750,779,826,836,871,921,960,985,1000,1040,1063,1091,1124,1175,1214,1235,1256,1311,1332,1351,1398,1431,1445,1490,1532,1566,1597,1629,1648,1669,1724,1741,1778,1811,1828,1859,1915,1937,1962,2010,2047
v158,22,46,70,101,136,178,202,236,277,318,324,365,405,432,452,512,531,576,597,619,656,694,709,767,775,812,835,883,928,936,978,1010,1027,1085,1099,1146,1163,1210,1229,1270,1296,1335,1352,1406,1430,1461,1504,1510,1563,1582,1607,1649,1669,1709,1729,1775,1824,1850,1885,1918,1931,1975,2011,2017
v159,1,33,87,123,139,184,222,229,257,292,341,370,413,448,474,505,522,558,582,617,657,700,725,755,784,819,846,878,919,958,980,1012,1053,1069,1108,1148,1176,1209,1235,1261,1287,1334,1358,1390,1432,1450,1490,1529,1566,1594,1613,1652,1666,1704,1754,1775,1807,1854,1860,1893,1927,1958,2007,2022
v160,18,40,86,121,131,184,214,233,274,303,325,377,396,446,449,500,527,554,599,630,667,694,722,737,777,827,834,892,908,939,985,1009,1040,1082,1102,1143,1165,1201,1221,1274,1312,1324,1372,1402,1430,1452,1490,1535,1537,1594,1627,1664,1668,1723,1730,1767,1797,1839,1861,1896,1944,1972,1990,2023
v161,19,38,69,100,149,167,209,238,282,289,351,369,393,420,449,490,515,572,588,612,663,681,726,748,783,808,852,893,917,930,965,1002,1026,1062,1092,1135,1163,1190,1234,1275,1302,1319,1345,1379,1426,1462,1477,1514,1542,1572,1610,1659,1694,1708,1758,1771,1811,1851,1887,1910,1924,1954,2016,2042
v162,6,61,70,98,137,174,204,226,258,289,334,354,416,435,476,482,536,565,584,630,654,691,707,757,774,809,859,881,908,935,986,995,1029,1080,1097,1145,1181,1201,1234,1250,1291,1335,1356,1395,1434,1457,1492,1529,1538,1595,1624,1663,1680,1707,1752,1771,1824,1853,1878,1899,1925,1984,1998,2017
v163,32,64,79,103,160,184,199,247,263,293,327,355,408,428,454,504,538,569,593,613,649,682,711,737,792,820,851,893,902,960,979,1015,1042,1059,1097,1150,1181,1208,1230,1263,1308,1325,1361,1394,1440,1467,1476,1516,1547,1592,1632,1645,1665,1714,1730,1771,1808,1833,1866,1904,1925,1974,2009,2045
v164,31,45,70,123,146,168,223,230,257,302,341,371,402,440,463,502,538,564,596,638,657,698,732,746,788,803,847,885,901,960,986,1004,1037,1069,1089,1125,1168,1190,1243,1280,1286,1313,1345,1405,1417,1472,1502,1529,1553,1579,1624,1662,1683,1708,1743,1778,1822,1853,1878,1911,1921,1975,1985,2044
v165,20,45,83,120,145,170,223,240,286,304,325,368,397,443,475,493,534,558,607,628,652,689,717,766,795,804,848,887,918,958,961,1001,1056,1062,1102,1144,1172,1202,1244,1265,1285,1333,1345,1399,1438,1448,1486,1527,1551,1573,1611,1650,1695,1725,1737,1782,1802,1841,1858,1900,1923,1965,1986,2025
v166,11,49,93,119,147,179,194,228,273,310,329,358,398,445,474,505,526,552,592,619,654,703,725,755,792,815,850,866,906,952,991,1015,1049,1073,1094,1134,1163,1206,1226,1266,1284,1339,1367,1397,1433,1468,1489,1520,1543,1588,1603,1664,1677,1726,1736,1766,1803,1845,1872,1906,1933,1966,1992,2034
v167,4,44,85,107,134,181,219,246,281,290,323,371,388,428,469,485,542,562,585,630,646,704,705,741,787,825,840,896,899,941,992,1018,1039,1077,1100,1136,1160,1197,1227,1266,1311,1329,1358,1380,1433,1448,1473,1508,1559,1599,1606,1662,1683,1727,1754,1763,1823,1836,1861,1894,1930,1961,2000,2043
v168,28,54,69,112,130,168,199,238,272,297,341,361,396,448,459,489,533,556,579,620,654,704,721,754,784,828,857,869,907,958,965,994,1048,1059,1091,1147,1166,1195,1242,1265,1285,1319,1357,1382,1418,1464,1483,1531,1563,1600,1617,1652,1675,1708,1757,1782,1823,1849,1885,1897,1944,1970,1988,2025
v169,12,33,96,115,138,185,217,226,279,297,345,378,405,422,477,491,517,555,580,633,667,703,707,759,774,809,852,887,924,943,975,994,1043,1067,1116,1133,1174,1209,1237,1272,1311,1322,1362,1398,1415,1472,1490,1527,1549,1577,1632,1650,1667,1715,1729,1792,1797,1837,1886,1892,1947,1959,2016,2046
v170,7,63,84,110,130,182,218,245,261,314,323,383,392,435,471,506,538,553,606,623,667,676,722,766,787,816,854,884,910,956,964,1005,1029,1065,1110,1133,1167,1190,1245,1274,1312,1329,1350,1396,1420,1467,1484,1506,1540,1589,1632,1643,1682,1714,1740,1789,1809,1852,1858,1920,1931,1974,1990,2023
v171,20,39,81,109,139,189,210,234,274,299,323,365,387,426,477,500,540,550,585,617,665,699,720,751,781,815,839,894,899,937,976,1008,1031,1057,1089,1142,1178,1214,1227,1265,1303,1318,1370,1393,1417,1458,1494,1528,1561,1595,1623,1634,1690,1701,1736,1786,1824,1844,1882,1906,1948,1976,2007,2046
v172,8,41,70,116,145,162,194,231,278,309,352,365,391,420,456,497,515,557,599,618,665,704,725,742,795,814,856,886,928,960,974,1010,1040,1061,1117,1143,1155,1205,1228,1250,1301,1329,1368,1398,1434,1460,1496,1532,1555,1587,1620,1634,1672,1712,1741,1792,1801,1827,1886,1902,1950,1966,1987,2028
v173,9,38,65,102,149,188,209,233,282,309,341,376,402,417,465,509,532,567,608,636,654,673,714,759,790,818,837,892,925,951,971,1008,1042,1068,1104,1145,1160,1209,1227,1251,1296,1340,1368,1393,1423,1460,1484,1508,1547,1593,1627,1660,1688,1705,1730,1778,1801,1853,1885,1904,1952,1958,2002,2030
v174,12,49,76,109,135,191,214,239,259,297,343,367,385,444,449,510,540,550,598,632,652,693,716,740,769,806,840,879,901,948,980,1015,1055,1064,1113,1151,1166,1205,1222,1268,1303,1340,1346,1404,1426,1458,1478,1534,1545,1570,1618,1656,1691,1712,1748,1761,1814,1854,1887,1895,1948,1960,2015,2030
v175,30,42,93,108,160,166,212,248,257,290,329,364,413,437,468,503,536,573,597,628,662,698,711,742,797,805,844,881,922,951,970,1015,1056,1075,1098,1145,1171,1189,1248,1258,1288,1332,1345,1384,1426,1451,1484,1533,1553,1580,1613,1651,1690,1719,1760,1789,1816,1832,1869,1897,1922,1954,1994,2028
v176,16,59,90,113,147,182,201,242,273,299,334,381,397,447,475,490,518,569,608,624,668,694,725,748,784,827,836,868,897,936,986,1002,1047,1059,1104,1151,1171,1193,1217,1263,1309,1334,1349,1388,1411,1454,1503,1513,1559,1588,1613,1650,1677,1711,1754,1772,1823,1828,1878,1890,1927,1984,2003,2037
v177,6,45,72,126,143,169,213,231,259,314,350,382,405,434,470,497,537,565,591,615,668,675,722,749,789,803,851,894,917,939,962,1002,1046,1088,1105,1126,1172,1212,1233,1262,1301,1317,1354,1382,1439,1451,1499,1507,1543,1584,1614,1659,1672,1728,1729,1789,1794,1854,1864,1916,1923,1968,1994,2045
v178,31,34,82,123,147,175,205,241,257,320,352,371,399,437,451,491,526,564,601,638,661,689,717,753,800,820,834,895,922,954,966,1003,1029,1059,1100,1139,1183,1193,1240,1271,1293,1318,1376,1394,1432,1450,1482,1536,1550,1600,1610,1635,1682,1713,1747,1780,1794,1844,1881,1903,1940,1974,2008,2034
v179,24,53,69,103,136,176,207,234,269,303,339,371,388,448,462,499,516,565,594,610,646,701,710,747,769,813,838,880,919,944,968,996,1030,1079,1103,1151,1173,1201,1232,1270,1292,1341,1358,1385,1431,1459,1501,1506,1550,1589,1606,1657,1687,1728,1747,1762,1809,1828,1886,1910,1940,1979,1999,2045
v180,32,49,79,101,143,180,199,254,282,312,329,368,386,434,471,508,537,572,601,616,645,687,735,750,782,829,845,879,923,952,984,993,1040,1083,1093,1148,1153,1196,1219,1270,1304,1332,1353,1395,1410,1445,1496,1508,1550,1577,1612,1662,1675,1713,1750,1780,1807,1834,1885,1910,1938,1976,1987,2021
v181,1,53,79,122,150,182,207,232,276,312,344,363,390,425,469,510,518,553,600,620,672,697,714,762,796,803,861,869,925,952,982,995,1054,1070,1096,1144,1174,1208,1221,1274,1302,1342,1349,1408,1413,1466,1473,1520,1545,1588,1623,1635,1692,1708,1731,1788,1821,1851,1876,1916,1946,1955,2002,2029
v182,30,57,92,112,136,187,211,229,281,289,343,376,407,424,449,491,528,566,608,638,667,688,722,759,787,819,853,869,899,936,977,1013,1051,1083,1111,1139,1163,1206,1238,1249,1305,1324,1367,1403,1438,1466,1489,1512,1560,1576,1607,1633,1671,1716,1757,1761,1821,1832,1860,1913,1931,1955,1996,2018
v183,8,38,81,103,146,161,196,235,281,297,333,376,411,438,454,501,519,562,582,611,649,686,709,745,799,801,863,881,913,937,965,994,1037,1087,1098,1137,1155,1189,1233,1262,1293,1313,1353,1384,1410,1451,1493,1536,1558,1576,1601,1634,1673,1723,1755,1768,1803,1825,1859,1904,1940,1968,1991,2020
v184,25,62,82,121,140,186,213,239,272,291,322,363,390,447,463,505,520,552,597,622,641,681,727,757,798,823,848,890,928,937,989,1001,1056,1079,1103,1150,1182,1192,1219,1264,1309,1328,1366,1392,1434,1468,1499,1514,1547,1594,1604,1642,1693,1717,1750,1786,1795,1838,1861,1891,1944,1979,1991,2023
v185,2,51,89,128,144,169,206,239,261,315,327,367,401,447,452,482,534,570,580,636,659,698,713,768,794,832,847,873,922,943,990,1013,1030,1065,1117,1150,1157,1213,1235,1266,1290,1329,1357,1387,1424,1466,1498,1510,1554,1573,1601,1662,1666,1700,1740,1773,1823,1842,1865,1890,1922,1978,1986,2044
v186,18,64,89,124,136,171,196,248,260,314,327,364,385,445,457,492,539,571,581,610,650,683,719,746,775,812,858,873,914,938,976,1005,1051,1083,1117,1143,1154,1192,1223,1268,1306,1313,1364,1393,1423,1453,1500,1527,1538,1579,1620,1649,1668,1726,1757,1762,1819,1854,1884,1920,1943,1962,2010,2027
v187,27,61,83,112,146,179,222,227,268,295,334,372,385,420,457,510,537,573,578,634,641,677,722,744,795,805,838,866,920,957,986,1004,1025,1086,1106,1139,1179,1202,1241,1252,1299,1319,1350,1400,1426,1466,1476,1533,1537,1597,1607,1652,1675,1708,1741,1791,1815,1846,1881,1908,1945,1961,2003,2042
v188,28,59,73,114,155,183,203,229,273,299,336,374,398,448,476,510,538,557,598,633,670,680,728,738,800,807,862,887,918,948,966,1002,1053,1086,1115,1133,1155,1212,1223,1262,1294,1334,1361,1400,1433,1458,1498,1523,1537,1570,1624,1660,1671,1725,1751,1791,1814,1841,1869,1897,1944,1971,1998,2045
v189,5,38,71,106,154,176,213,240,269,295,327,370,388,418,452,482,520,557,605,617,659,696,726,767,794,811,841,869,902,935,968,1019,1029,1080,1116,1139,1153,1189,1242,1278,1295,1339,1356,1401,1423,1454,1477,1533,1551,1571,1632,1651,1687,1700,1749,1783,1814,1830,1875,1913,1945,1967,1987,2031
v190,22,46,85,125,141,162,205,230,268,306,330,369,391,443,452,510,529,556,606,615,644,682,720,756,796,829,847,887,912,936,962,1019,1055,1069,1097,1134,1181,1190,1219,1250,1287,1344,1363,1382,1431,1442,1493,1523,1547,1576,1615,1662,1692,1728,1755,1773,1802,1833,1875,1901,1923,1975,2003,2019
v191,15,39,96,122,151,181,210,253,272,296,340,358,386,417,451,481,543,571,582,612,648,674,706,744,771,802,858,865,902,960,963,1004,1029,1064,1095,1148,1176,1200,1229,1268,1298,1315,1353,1380,1410,1468,1492,1506,1546,1574,1618,1645,1668,1712,1731,1765,1797,1826,1884,1893,1921,1977,1992,2034
v192,24,64,68,120,134,190,198,236,285,302,340,380,396,427,451,496,522,557,597,630,664,682,716,758,771,812,841,889,927,934,969,1006,1034,1068,1096,1137,1168,1209,1225,1278,1311,1317,1365,1377,1427,1472,1475,1507,1543,1576,1607,1651,1680,1703,1755,1792,1813,1833,1887,1918,1931,1955,2014,2019
v193,2,54,75,121,153,165,204,247,259,298,321,354,386,418,459,496,525,565,582,617,652,693,734,767,791,802,840,892,925,956,985,1007,1047,1063,1110,1134,1182,1200,1235,1267,1299,1336,1369,1380,1427,1472,1490,1525,1558,1580,1626,1659,1672,1706,1758,1775,1795,1835,1861,1906,1939,1956,2005,2028
v194,9,55,67,123,157,192,218,241,257,292,329,381,389,442,469,491,533,570,582,627,657,700,729,751,772,831,834,866,921,938,965,1020,1039,1058,1097,1126,1178,1211,1221,1280,1310,1318,1369,1391,1420,1464,1474,1531,1567,1586,1612,1654,1688,1723,1729,1782,1822,1842,1873,1918,1940,1958,2010,2026
v195,1,49,95,105,131,170,205,250,272,298,331,356,385,435,469,506,533,546,584,622,641,681,715,753,785,811,840,887,928,943,976,993,1055,1087,1106,1145,1171,1216,1242,1269,1293,1335,1354,1392,1430,1461,1501,1532,1546,1599,1632,1663,1666,1721,1753,1783,1823,1854,1873,1917,1949,1957,2000,2017
v196,20,60,83,116,159,174,223,235,270,320,346,373,409,426,458,491,543,562,578,631,648,676,733,756,781,822,851,895,917,934,973,1003,1052,1072,1120,1127,1155,1201,1225,1267,1302,1315,1346,1400,1425,1454,1492,1536,1556,1573,1609,1641,1665,1698,1746,1787,1824,1848,1862,1919,1947,1965,2011,2028
v197,5,53,75,120,155,166,216,249,288,303,329,368,411,421,456,501,516,576,594,635,652,677,709,762,775,804,857,889,909,930,980,1007,1033,1072,1094,1133,1163,1213,1224,1258,1284,1341,1351,1389,1409,1448,1474,1527,1554,1592,1631,1637,1674,1705,1735,1782,1816,1839,1857,1914,1949,1979,1995,2027
v198,6,37,75,121,141,168,221,230,264,320,327,371,405,447,455,499,538,546,601,632,672,674,717,741,778,823,850,885,912,932,965,1024,1054,1067,1105,1146,1162,1200,1227,1270,1284,1334,1348,1398,1417,1464,1482,1519,1537,1591,1616,1635,1686,1728,1739,1772,1816,1847,1873,1905,1925,1953,1987,2044
v199,26,40,87,123,141,177,197,239,259,300,346,381,412,425,455,497,529,550,599,620,653,685,716,740,775,814,846,889,913,929,985,996,1026,1084,1112,1139,1175,1188,1228,1270,1291,1314,1351,1407,1435,1465,1500,1508,1554,1575,1621,1663,1679,1698,1749,1780,1812,1849,1861,1890,1934,1967,1993,2042
v200,2,56,82,109,156,179,196,241,286,301,321,377,397,431,460,506,524,567,582,635,670,681,709,755,788,827,856,884,926,931,970,1014,1045,1071,1115,1146,1160,1211,1234,1280,1307,1317,1375,1397,1413,1446,1491,1515,1540,1571,1602,1650,1690,1725,1741,1773,1802,1850,1857,1902,1942,1977,2002,2036
